id,target
0,0.88
2,0.98
3,0.8
9,0.2
11,0.8
12,0.97
21,0.19
22,0.31
27,0.0
29,0.03
30,0.06
35,0.0
42,0.04
43,0.0
45,0.0
46,0.68
47,0.0
51,0.78
58,0.0
60,0.0
69,0.26
70,0.35
72,0.2
75,0.23
84,0.04
87,0.4625
88,0.03
90,0.63
94,0.0
99,0.38
101,0.82
103,0.99
106,0.74
108,0.88
111,0.83
115,0.3
116,0.87
122,0.4
123,0.83
124,0.53
125,0.11
127,0.56
140,0.85
142,0.87
147,0.05
148,0.19
150,0.37
152,0.0
154,0.49
155,0.0
166,0.4
167,0.49
169,0.63
177,0.0
179,0.0
181,0.13
186,0.09
188,0.76
189,0.08
192,0.0
200,0.84
202,0.1
206,0.86
207,0.16
214,0.93
217,1.0
223,0.11
224,1.0
227,0.92
228,0.84
230,0.8
233,0.82
234,0.99
236,1.0
239,0.99
250,0.99
255,0.03
257,0.0
259,0.54
275,0.62
278,0.14
282,0.32
284,0.07
286,0.85
288,0.99
292,0.36
295,0.0
300,0.23
304,0.91
305,0.91
306,0.31
308,0.04
311,0.2
317,0.23
319,0.06
323,0.06
324,0.21
325,0.275
326,0.52
333,0.3
339,0.47
342,0.48
343,0.07
350,0.26
351,0.63
357,0.76
359,0.3
362,0.53
366,0.55
367,0.3
369,0.3
373,0.61
374,0.75
376,0.55
377,0.3
378,0.3
379,0.44
382,0.3
385,0.3
387,0.8
388,0.3
391,0.3
392,0.3
395,0.3
399,0.22
400,0.24
403,0.13
405,0.48
408,0.03
411,0.41
414,0.27
416,0.23
417,0.48
422,0.0
425,0.17
428,0.2
430,0.09
431,0.04
433,0.14
434,0.01
439,0.01
441,0.01
449,0.05
458,0.0
460,0.06
464,0.31
473,0.09
488,0.09
491,0.54
494,0.84
497,0.0
500,0.5
505,0.04
507,0.31
508,0.01
510,0.01
511,0.01
515,0.63
525,0.21
529,0.04
532,0.04
534,0.04
537,0.19
539,0.12
541,0.04
545,0.01
547,0.68
548,0.93
549,0.71
553,0.72
554,0.35
555,0.94
557,0.37
562,0.35
566,0.89
572,0.77
573,0.63
582,0.89
586,0.94
587,0.07
590,0.96
591,0.01
593,0.03
595,0.37
596,0.23
597,0.01
601,0.1
602,0.22
605,0.85
610,0.33
616,0.12
618,0.97
620,1.0
626,0.04
627,0.0
629,0.0
632,1.0
634,0.69
639,0.23
645,0.96
647,0.88
648,0.46
650,0.52
663,0.73
666,0.4
668,0.17
670,0.43
673,0.91
676,0.52
678,0.02
692,0.42
693,0.53
694,0.71
695,0.52
696,0.88
698,0.96
701,0.17
703,0.97
707,0.97
708,0.71
711,0.97
715,0.97
718,0.11
722,0.03
723,0.11
733,0.97
741,0.72
742,0.97
743,0.09
747,0.03
749,0.58
750,0.08
756,0.06
757,0.02
760,0.09
764,0.14
765,0.07
766,0.03
768,0.32
769,0.05
771,0.33
772,0.01
776,0.17
778,0.09
780,0.23
785,0.11
789,0.06
792,0.05
793,0.04
811,0.92
813,0.01
816,0.095
821,0.19
824,0.87
825,0.32
827,0.08
830,0.44
831,0.43
839,0.43
844,0.19
847,0.43
850,0.45
854,0.43
855,0.58
858,0.32
861,0.43
862,0.25
865,0.8
869,0.83
879,0.7010714285714286
880,0.7933333333333333
887,0.7808333333333333
889,0.97
897,0.7408333333333332
900,0.7002380952380952
901,0.14
904,0.6250714285714285
908,0.7033333333333333
909,0.7058333333333333
910,0.94
913,0.21
914,0.6175
917,0.6742380952380952
918,0.97
920,0.7508333333333332
922,0.6757857142857142
924,0.6757857142857142
925,0.2375
927,0.2
933,0.18
937,0.38
943,0.2
949,0.0
950,0.73
954,0.24
966,0.0
967,0.0
969,0.0
970,0.14
973,0.04
975,0.32
980,0.11
988,0.03
989,0.15
995,0.97
1000,0.4483333333333333
1003,0.0
1007,0.35
1011,0.52
1012,0.19
1013,0.06
1014,0.415
1016,0.87
1019,0.05
1025,0.24
1027,0.5
1028,0.99
1030,0.09
1033,0.56
1034,0.23
1039,0.0
1046,0.2
1047,0.06
1053,0.33
1055,0.055
1056,0.28
1059,0.15
1060,0.01
1063,0.1
1064,0.0
1068,0.0
1076,0.07
1086,0.07
1087,0.01
1089,0.51
1092,0.03
1095,0.66
1096,0.04
1097,0.29
1100,0.03
1101,0.03
1107,0.06
1108,0.1
1111,0.12
1115,0.58
1116,0.0
1121,0.08
1125,0.27
1127,0.11
1131,0.44
1133,0.46
1135,0.15
1137,0.04
1140,0.03
1144,0.38
1147,0.52
1148,0.02
1150,0.12
1158,0.0
1159,0.135
1161,0.38
1163,0.06
1165,0.35
1169,0.15
1171,0.02
1172,0.13
1176,0.12
1180,0.0
1184,0.04
1186,0.11
1187,0.21
1192,0.54
1193,0.03
1194,0.06
1197,0.62
1200,0.06
1205,0.11
1210,0.09
1216,0.05
1220,0.07
1231,0.07
1233,0.03
1246,0.07
1247,0.0
1248,0.07
1255,0.05
1256,0.01
1257,0.4
1258,0.11
1260,0.4
1261,0.06
1265,0.02
1266,0.26
1268,0.0
1274,0.02
1281,0.12
1285,0.22
1286,0.1
1291,0.31
1292,0.21
1295,0.0
1299,0.36
1306,0.09
1310,0.06
1311,0.01
1313,0.2
1314,0.05
1322,0.05
1323,0.19
1325,0.09
1329,0.3
1330,0.09
1333,0.1
1336,0.62
1339,0.16
1342,0.02
1344,0.02
1355,0.83
1357,0.01
1358,0.32
1359,0.02
1364,0.13
1366,0.5
1367,0.03
1370,0.89
1373,0.03
1377,0.37
1386,0.11
1387,0.07
1392,0.33
1397,0.0
1398,0.01
1400,0.03
1403,0.19
1404,0.03
1410,0.05
1413,0.01
1416,0.12
1417,0.1
1423,0.2
1424,0.12
1426,0.01
1427,0.11
1428,0.1
1430,0.21
1434,0.15
1435,0.48
1437,0.16
1438,0.25
1442,0.04
1446,0.13
1451,0.06
1457,0.33
1461,0.07
1462,0.08
1465,0.07
1468,0.2
1469,0.08
1471,0.3
1476,0.32
1478,0.16
1481,0.17
1489,0.17
1490,0.02
1492,0.15
1496,0.02
1512,0.16
1516,0.18
1517,0.12
1528,0.12
1529,0.57
1536,1.0
1539,0.04
1541,0.22
1542,0.04
1548,0.99
1550,0.32
1551,0.17
1552,0.81
1557,0.99
1563,0.0
1564,0.13
1565,0.21
1566,1.0
1571,0.11
1578,0.17
1581,0.14
1583,0.01
1584,0.21
1586,0.81
1589,1.0
1592,0.93
1598,0.83
1606,0.07
1612,0.66
1616,0.39
1620,0.01
1624,0.1
1629,1.0
1630,0.46
1635,1.0
1640,1.0
1641,0.74
1642,1.0
1651,1.0
1655,1.0
1656,0.99
1659,0.68
1664,0.99
1667,1.0
1668,1.0
1674,0.79
1678,0.1
1680,0.98
1681,0.84
1682,0.98
1685,0.47
1695,0.99
1696,0.9
1697,0.04
1704,0.78
1708,0.85
1711,0.99
1713,0.95
1714,0.85
1717,0.53
1729,0.54
1730,0.05
1732,0.58
1734,0.73
1736,0.42
1738,0.63
1742,0.29
1743,0.74
1746,0.38
1748,0.86
1749,0.73
1751,0.61
1758,0.73
1764,0.91
1765,0.49
1777,0.56
1778,0.14
1781,0.53
1782,0.88
1783,0.76
1785,0.79
1788,0.62
1793,0.98
1794,0.43
1795,0.93
1797,0.98
1800,1.0
1801,0.64
1805,0.9
1806,0.62
1819,0.14
1820,0.98
1825,0.37
1828,0.0
1829,0.52
1830,0.2
1839,0.77
1843,0.07
1844,0.1
1846,0.04
1849,0.18
1850,0.19
1854,0.18
1855,0.21
1858,0.18
1859,0.02
1862,0.19
1867,0.13
1868,0.04
1871,0.84
1872,0.14
1874,0.36
1876,0.11
1879,0.34
1884,0.49
1891,0.13
1894,0.47
1896,0.06
1902,0.12
1903,0.07
1904,0.27
1906,0.29
1907,0.21
1912,0.27
1913,0.47
1923,0.7
1926,0.66
1928,0.77
1930,0.98
1931,0.32
1934,0.62
1936,0.55
1944,0.89
1946,0.72
1947,0.49
1958,0.83
1964,0.46
1970,0.81
1974,0.09
1977,0.83
1978,0.69
1982,0.44
1984,0.71
1988,0.87
1993,0.24
1997,0.63
1998,0.44
2002,0.75
2004,0.51
2005,0.75
2008,0.2
2011,0.72
2013,0.39
2018,0.76
2021,0.39
2025,0.35
2029,0.94
2030,0.73
2032,0.46
2037,0.23
2041,0.41
2044,0.66
2048,0.76
2052,0.76
2053,0.33
2054,0.52
2062,0.05
2065,0.21
2066,0.17
2072,0.46
2079,0.25
2080,0.51
2085,0.22
2088,0.62
2090,0.6
2092,0.46
2093,0.2
2101,0.25
2104,0.0
2105,0.47
2106,0.28
2107,0.22
2120,0.49
2124,0.47
2127,0.31
2130,0.03
2132,0.0
2135,0.0
2137,0.13
2140,0.66
2143,0.48
2147,0.02
2151,0.52
2152,0.42
2155,0.65
2156,0.5
2162,0.61
2165,0.7
2166,0.31
2167,0.01
2168,0.47
2170,0.5
2178,1.0
2180,0.83
2182,0.09
2184,0.25
2185,0.41
2187,0.13
2196,0.14
2197,0.43
2199,0.38
2200,0.08
2201,0.07
2202,0.71
2206,0.09
2208,0.73
2218,0.27
2223,0.97
2224,0.63
2226,0.2
2228,0.03
2232,0.03
2234,0.65
2243,0.92
2247,0.09
2249,0.03
2252,0.98
2253,0.76
2259,0.05
2261,0.0
2264,0.29
2268,0.05
2269,0.05
2270,0.3
2276,0.87
2283,0.22
2287,0.15
2290,0.12
2291,0.05
2293,0.05
2295,0.09
2302,0.26
2305,0.58
2310,0.91
2313,0.72
2316,0.72
2320,0.27
2322,0.55
2323,0.67
2326,0.43
2328,0.88
2331,0.52
2335,0.53
2338,0.47
2343,0.19
2344,0.11
2345,0.05
2353,0.92
2355,0.21
2357,0.12
2360,0.61
2365,0.22
2369,0.55
2371,0.21
2378,0.64
2380,0.08
2381,0.28
2383,0.91
2384,0.75
2392,0.21
2393,0.15
2401,0.55
2403,0.18
2404,0.74
2405,0.06
2407,0.2
2411,0.02
2424,0.02
2426,0.07
2431,0.03
2433,0.16
2434,0.05
2436,0.0
2439,0.02
2444,0.66
2447,0.04
2448,0.4
2449,0.02
2450,0.05
2461,0.17
2469,0.24
2472,0.27
2473,0.04
2474,0.01
2477,0.16
2481,0.08
2484,0.16
2495,0.21
2503,0.14
2509,0.69
2511,0.99
2518,1.0
2522,0.73
2525,0.8
2526,0.29
2529,0.63
2533,0.59
2549,0.08
2551,0.09
2558,0.57
2562,0.86
2563,0.37
2567,0.67
2574,0.89
2577,0.8
2578,0.02
2580,0.57
2581,0.54
2583,0.99
2584,0.65
2586,0.22
2589,0.88
2595,0.72
2596,0.83
2600,0.94
2601,0.76
2607,0.36
2610,0.15
2613,0.32
2615,0.67
2618,0.19
2620,0.23
2623,0.99
2626,0.06
2630,0.18
2634,1.0
2636,0.94
2638,0.44
2639,0.9
2646,0.16
2650,0.83
2652,0.61
2653,0.0
2654,0.46
2662,0.07
2665,0.08
2669,0.03
2674,0.12
2678,0.91
2681,0.09
2685,0.05
2686,0.1
2690,0.26
2697,0.0
2699,0.59
2704,0.04
2705,0.09
2710,0.18
2712,0.06
2713,0.09
2716,0.41
2717,0.28
2718,0.03
2721,0.07
2722,0.03
2735,0.0
2737,0.07
2738,0.08
2742,0.37
2745,0.08
2746,0.21
2747,0.06
2750,0.05
2751,0.21
2754,0.15
2762,0.9
2764,0.16
2772,0.14
2775,0.0
2776,0.13
2779,0.3
2781,0.01
2789,0.13
2790,0.15
2791,0.38
2798,0.98
2800,0.15
2804,0.27
2805,0.74
2806,0.68
2809,0.81
2810,0.81
2812,0.81
2814,0.99
2816,0.75
2818,0.13
2823,0.04
2824,0.93
2834,0.88
2837,0.74
2840,0.82
2845,0.99
2847,0.96
2848,0.55
2850,0.82
2859,0.47
2862,0.33
2868,0.22
2874,0.16
2876,0.19
2892,0.04
2894,0.94
2897,0.22
2901,0.1
2903,0.07
2904,0.12
2906,0.22
2914,0.3
2918,0.02
2919,0.25
2923,0.71
2926,0.25
2928,0.09
2930,0.06
2938,0.13
2940,0.33
2949,0.83
2951,0.22
2958,0.29
2961,0.15
2962,0.23
2964,0.24
2966,0.1
2967,0.02
2968,0.14
2972,0.12
2977,0.22
2978,0.37
2979,0.1
2981,0.25
2985,0.77
2986,0.13
2989,0.99
2994,0.1
2996,0.65
2997,0.12
2999,0.24
3002,0.12
3007,0.05
3008,0.1
3017,0.09
3020,0.14
3024,0.08
3028,0.3
3031,0.505
3032,0.27
3033,0.65
3035,0.37
3040,0.64
3041,0.56
3046,0.12
3050,0.37
3063,0.72
3065,0.78
3067,0.72
3069,0.38
3076,0.79
3078,0.45
3081,0.74
3087,0.62
3088,0.89
3094,0.52
3096,0.13
3098,0.38
3103,0.95
3110,0.97
3113,1.0
3121,0.77
3127,0.98
3128,0.76
3129,1.0
3135,1.0
3143,0.95
3146,1.0
3148,1.0
3149,1.0
3151,1.0
3156,0.01
3160,0.0
3164,0.31
3169,0.14
3178,0.15
3187,0.59
3194,0.13
3202,0.58
3203,0.13
3204,0.22
3206,0.99
3207,0.0
3208,0.0
3209,0.75
3213,0.02
3214,0.01
3215,0.02
3220,0.03
3223,0.13
3224,0.02
3226,0.02
3228,0.0
3230,0.02
3232,0.03
3233,0.03
3234,0.17
3238,0.01
3246,0.11
3247,0.76
3250,0.75
3251,0.24
3254,0.1
3257,0.99
3258,0.06
3261,0.27
3267,0.87
3268,0.16
3269,0.05
3271,0.4
3272,0.29
3273,0.6
3279,0.11
3290,0.04
3291,0.26
3293,0.48
3294,0.14
3298,0.26
3305,0.59
3306,0.67
3307,0.0
3310,0.33
3313,0.36
3314,0.34
3315,0.0
3316,0.01
3321,0.43
3325,0.38
3326,0.01
3327,0.42
3330,0.92
3331,0.05
3332,0.01
3333,0.07
3343,0.0
3344,0.0
3348,0.05
3349,0.34
3350,0.24
3352,0.04
3353,0.32
3354,0.1
3358,0.51
3360,0.95
3366,0.25
3371,0.86
3374,0.08
3375,0.23
3378,0.81
3382,0.07
3384,0.05
3385,0.01
3386,0.23
3392,0.1
3399,0.2
3407,0.15
3409,0.15
3416,1.0
3420,0.05
3422,0.99
3424,0.15
3426,0.61
3427,0.11
3434,0.21
3438,0.15
3441,0.18
3442,0.27
3443,0.06
3444,0.08
3449,0.11
3453,0.18
3454,0.21
3456,0.92
3457,0.14
3458,0.91
3461,1.0
3467,0.77
3479,0.57
3488,0.91
3491,0.99
3496,0.88
3502,0.8
3507,0.85
3511,0.87
3515,0.98
3516,0.97
3538,0.9
3539,0.99
3541,1.0
3545,0.98
3546,0.98
3547,0.93
3551,1.0
3553,0.41
3556,0.1
3558,0.31
3559,0.09
3561,0.16
3562,0.21
3563,0.21
3564,0.01
3571,0.3
3574,0.45
3576,0.15
3577,0.44
3579,0.57
3580,0.29
3586,0.03
3590,0.11
3599,0.11
3600,0.0
3601,0.24
3605,0.06
3606,0.27
3612,0.19
3614,0.31
3615,0.04
3616,0.1
3620,0.96
3622,0.29
3624,0.05
3630,0.42
3644,0.08
3649,0.48
3651,0.31
3654,0.66
3665,0.65
3668,0.02
3671,0.01
3672,0.19
3673,0.05
3677,0.09
3678,0.03
3687,0.04
3688,0.13
3693,0.08
3698,0.0
3699,0.47
3701,0.98
3703,0.17
3706,0.01
3707,0.73
3709,0.87
3711,0.47
3714,0.06
3716,0.18
3720,0.99
3728,0.99
3731,0.64
3732,0.16
3733,0.42
3734,0.27
3740,0.39
3746,0.04
3749,0.07
3751,0.21
3755,0.08
3757,0.01
3762,0.6
3767,0.03
3769,0.63
3779,0.0
3781,0.26
3782,0.29
3783,0.67
3784,0.41
3790,0.15
3791,0.6
3792,0.99
3794,0.0
3799,0.68
3801,0.1
3804,0.02
3808,0.09
3809,0.16
3811,0.12
3813,0.0
3817,0.15
3818,0.115
3823,0.06
3843,0.35
3844,0.1
3846,0.15
3847,0.47
3852,0.21
3854,0.3
3856,0.07
3863,0.02
3865,0.08
3867,0.11
3871,0.3
3872,0.3
3878,0.3
3880,0.16
3881,0.11
3882,0.24
3883,0.02
3884,0.31
3885,0.12
3886,0.1
3890,0.05
3891,0.23
3898,0.99
3902,0.07
3909,0.11
3910,0.09
3912,0.09
3915,1.0
3918,0.02
3920,1.0
3925,0.41
3928,0.2
3929,0.3
3930,1.0
3931,0.16
3934,0.4
3939,0.18
3941,0.02
3942,0.04
3943,0.05
3946,0.08
3963,0.11
3965,0.59
3966,0.22
3971,0.14
3972,1.0
3974,0.6
3976,0.44
3978,0.08
3981,0.42
3985,0.25
3986,0.96
3987,1.0
3988,1.0
3991,1.0
3999,0.65
4001,0.31
4002,0.32
4004,0.41
4007,0.57
4009,0.46
4013,0.52
4015,0.46
4016,0.25
4023,0.54
4031,0.54
4035,0.57
4036,0.55
4037,0.43
4040,0.62
4048,0.79
4053,0.7205595238095238
4056,0.7205595238095238
4059,0.66
4066,0.72
4067,0.5733333333333334
4069,0.19
4070,0.35
4071,0.3
4073,0.95
4074,0.3
4075,0.87
4082,0.9052380952380952
4090,0.47
4099,1.0
4102,0.93
4106,0.15
4109,0.5
4110,0.65
4115,0.98
4118,1.0
4120,0.73
4125,0.98
4126,0.04
4130,0.8
4134,1.0
4136,0.91
4137,1.0
4144,0.95
4148,0.04
4151,0.26
4155,0.1
4162,0.88
4165,0.02
4169,0.03
4174,0.2
4179,0.18
4185,0.08
4186,0.35
4187,0.61
4188,0.19
4190,0.05
4192,0.21
4193,0.0
4194,0.01
4195,0.21
4196,0.02
4207,0.75
4208,0.99
4215,0.76
4217,0.74
4222,0.26
4223,0.85
4226,0.05
4228,0.18
4229,0.17
4231,0.78
4234,0.55
4236,0.35
4249,0.45
4254,0.648
4258,0.63
4259,0.04
4263,0.38
4267,0.52
4277,0.51
4278,0.39
4280,0.39
4283,0.3
4285,0.708
4286,0.708
4287,0.39
4290,0.32
4291,0.51
4294,0.52
4302,0.86
4308,0.63
4310,0.2
4311,0.85
4315,0.67
4316,0.04
4319,0.34
4331,0.59
4338,0.94
4339,0.65
4340,0.99
4344,0.7
4346,0.99
4347,0.8
4360,1.0
4364,1.0
4367,1.0
4369,0.11
4370,0.99
4371,0.24
4380,1.0
4386,0.32
4389,0.95
4390,0.98
4394,0.32
4399,0.0
4400,0.02
4404,0.74
4409,0.18
4414,0.02
4417,0.03
4418,0.05
4419,0.025
4420,0.06
4422,0.21
4429,0.72
4431,0.06
4433,0.24
4434,0.01
4439,0.0
4443,0.08
4446,0.12
4447,0.02
4453,0.06
4460,0.51
4461,0.75
4462,0.03
4467,0.35
4469,0.73
4473,0.2
4474,0.37
4475,0.29
4477,0.39
4481,0.05
4483,0.4
4484,0.4
4485,0.46
4495,0.53
4497,0.45
4500,0.55
4501,0.01
4502,0.09
4505,0.12
4506,0.15
4510,0.09
4512,0.6
4513,0.89
4532,0.81
4535,0.41
4536,0.48
4540,0.07
4545,0.59
4552,0.76
4554,0.88
4555,0.1
4558,0.72
4559,0.8
4560,0.24
4566,0.32
4570,0.27
4572,0.08
4574,0.30333333333333334
4581,0.88
4583,0.86
4586,0.82
4591,0.9
4594,0.23
4603,0.86
4605,0.14
4612,0.45
4613,0.83
4615,0.34
4618,0.1
4621,0.1
4623,0.21
4626,0.25
4629,0.06
4633,0.75
4636,0.47
4638,0.36
4640,0.41
4643,0.01
4645,0.41
4647,0.31
4648,0.01
4651,0.01
4652,0.02
4653,0.26
4654,0.74
4660,0.07
4662,0.07
4663,0.07
4665,0.5
4668,0.19
4676,0.21
4683,0.92
4685,0.75
4686,0.01
4701,0.01
4718,0.14
4721,0.71
4727,0.09
4728,0.32
4733,0.52
4741,0.04
4743,0.66
4746,0.03
4751,0.12
4756,0.88
4761,0.84
4763,0.38
4764,0.86
4767,0.93
4772,0.93
4776,0.93
4780,0.66
4781,0.12
4792,0.13
4796,0.91
4801,0.96
4804,0.86
4805,0.13
4806,0.98
4811,0.81
4815,0.23
4816,0.82
4817,0.72
4818,0.81
4822,0.79
4824,0.3
4827,0.9
4837,0.31
4838,0.93
4839,0.93
4841,0.12
4851,0.94
4855,0.93
4861,0.08
4862,0.04
4863,0.03
4865,0.05
4871,0.0
4873,0.09
4880,0.05
4885,0.07
4886,0.0
4902,0.0
4904,0.14
4907,0.0
4916,0.06
4921,0.54
4925,0.23
4927,0.32
4928,0.71
4930,0.1
4932,0.06
4933,0.4175
4937,0.87
4939,0.98
4941,0.69
4942,0.48
4947,0.08
4949,0.1
4950,0.21
4956,0.03
4960,0.76
4963,0.39
4965,0.65
4976,0.03
4977,0.03
4987,0.19
4991,0.63
4994,0.602
4999,0.23
5003,0.99
5006,0.43
5009,0.34
5011,0.21
5012,0.98
5014,0.05
5020,0.13
5021,0.35
5023,0.68
5026,0.88
5030,0.11
5031,0.4
5036,0.15
5042,0.24
5045,0.44
5048,0.44
5051,0.02
5053,0.13
5054,0.49
5057,0.08
5058,0.29
5066,1.0
5070,1.0
5077,0.95
5081,0.56
5084,0.27
5086,0.11
5090,0.93
5091,0.73
5093,0.43
5100,0.43
5108,1.0
5111,0.87
5112,0.71
5118,0.14
5121,1.0
5123,1.0
5129,0.27
5133,0.19
5143,0.0
5147,0.14
5151,0.94
5156,0.55
5158,1.0
5161,0.54
5163,0.49
5167,0.58
5173,0.96
5205,0.06
5214,0.01
5215,0.0
5216,0.55
5217,0.02
5225,0.0
5237,0.03
5239,0.41
5240,0.01
5241,0.0
5246,0.06
5250,0.52
5253,0.0
5258,0.21
5261,0.12
5268,0.59
5275,0.05
5277,0.49666666666666665
5279,0.02
5288,0.47
5289,0.12
5294,0.76
5303,0.11
5307,0.29
5311,0.2
5312,0.17
5314,0.1
5318,0.15
5327,0.09
5329,0.23
5333,0.02
5334,0.05
5340,0.52
5348,0.15
5358,0.07
5360,0.07
5361,0.01
5363,0.85
5364,0.68
5369,0.63
5370,0.6
5374,0.85
5376,0.89
5388,0.6
5390,0.85
5393,0.88
5394,0.83
5395,0.35
5398,0.95
5399,0.94
5401,0.8
5402,0.63
5405,0.74
5414,0.32
5415,0.3
5419,0.06
5421,0.12
5422,0.11
5424,0.06
5427,0.53
5429,0.22
5431,0.66
5433,0.66
5434,0.15
5435,0.03
5436,0.25
5438,0.31
5440,0.42
5441,0.14
5447,0.12
5451,0.05
5453,0.33
5456,0.44
5457,0.82
5463,0.0775
5464,0.49
5470,0.38
5472,0.59
5474,0.28
5478,0.01
5483,0.08
5490,0.05
5500,0.29
5504,0.61
5508,0.03
5511,0.03
5512,0.27
5513,0.39
5516,0.58
5523,0.17
5527,0.465
5530,0.22
5533,0.63
5536,0.07
5537,0.01
5542,0.02
5543,0.3
5546,0.01
5549,0.33
5550,0.25
5551,0.16
5562,0.63
5566,0.06
5568,0.0
5571,0.69
5572,0.92
5574,0.72
5583,0.65
5585,0.72
5591,0.84
5596,0.72
5597,0.65
5601,0.81
5606,0.99
5607,0.65
5610,0.63
5615,0.38
5616,1.0
5623,0.14
5630,0.29
5636,0.92
5637,0.01
5639,0.67
5640,0.6
5643,0.57
5648,0.3
5649,0.15
5660,0.19
5666,0.74
5667,0.55
5678,0.27
5679,0.59
5681,0.09
5682,0.75
5691,0.39
5696,0.97
5697,0.99
5700,0.88
5701,0.22
5702,0.91
5708,0.59
5709,0.71
5718,0.95
5723,0.35
5725,1.0
5728,0.15
5731,0.74
5735,0.96
5737,0.97
5738,0.59
5742,0.97
5747,0.88
5749,0.96
5750,0.65
5755,0.97
5756,1.0
5761,1.0
5762,0.96
5767,0.34
5768,0.88
5770,0.88
5773,0.64
5774,0.22
5779,0.72
5782,0.97
5785,0.11
5786,0.99
5787,0.98
5788,0.93
5796,0.01
5802,0.09
5806,0.88
5809,0.28
5810,0.08
5811,0.96
5813,0.74
5820,0.06
5823,0.12
5830,0.79
5831,0.09
5838,0.45
5839,0.89
5844,0.11
5846,0.92
5851,0.84
5852,0.99
5857,0.49
5859,0.21
5860,0.88
5862,0.82
5865,0.87
5866,0.79
5871,0.88
5872,0.82
5877,0.88
5878,1.0
5879,0.94
5880,0.24
5895,0.1475
5897,0.11
5910,0.4800000000000001
5914,0.65
5915,0.0
5917,0.04
5924,0.9
5926,0.66
5931,0.41
5936,0.07
5940,0.01
5941,0.19
5945,0.19
5946,0.02
5948,0.9
5951,0.14
5967,0.22
5968,0.06
5969,0.14
5970,0.99
5971,0.18
5973,0.04
5976,0.0
5977,0.2
5984,0.05
5986,0.59
5993,0.66
5994,0.56
6005,0.49
6006,0.57
6008,0.57
6010,0.51
6011,0.82
6014,0.43
6016,0.57
6018,0.6
6021,0.58
6025,0.59
6028,0.49
6029,0.85
6035,0.49
6040,0.78
6042,0.4
6044,0.3
6046,0.43
6052,0.55
6054,0.43
6062,1.0
6063,0.48
6067,0.89
6068,0.99
6077,0.48
6079,0.32
6080,0.44
6081,0.82
6082,0.98
6089,0.38
6095,0.02
6101,0.01
6107,0.43
6114,0.01
6117,0.05
6121,0.4
6122,0.58
6124,0.61
6129,0.47
6131,0.5141666666666667
6136,0.34
6139,0.69
6142,0.8
6143,0.99
6144,0.665
6149,0.8
6155,0.59
6157,0.48
6158,0.08
6161,0.7
6168,0.07
6172,0.7
6176,0.7
6177,0.08
6179,0.14
6180,0.82
6182,0.13
6186,0.36
6189,0.44
6190,0.33
6194,0.88
6204,0.35
6205,0.08
6209,0.13
6210,0.36
6212,0.03
6214,0.93
6221,0.88
6225,0.96
6228,0.44
6229,0.37
6231,0.5
6235,0.64
6236,0.19
6237,0.97
6238,0.76
6239,0.19
6242,0.42
6249,0.19
6250,0.19
6251,0.24
6252,0.97
6260,0.36
6264,0.32
6266,0.25
6270,0.03
6275,0.19
6279,0.42
6280,0.19
6284,0.19
6285,0.25
6286,0.88
6287,0.78
6288,0.02
6289,0.62
6290,0.23
6291,0.91
6295,0.3
6298,0.99
6307,0.75
6308,0.16
6309,0.91
6313,0.49
6316,0.3
6319,0.34
6321,0.3
6324,0.2
6327,0.32
6333,0.52
6351,0.09
6352,0.87
6353,0.59
6357,0.87
6359,0.24
6360,0.52
6364,0.84
6367,0.51
6368,0.09
6377,1.0
6378,1.0
6379,0.19
6381,0.98
6390,0.86
6401,0.64
6408,0.52
6409,0.9
6411,0.3
6419,0.08
6424,0.91
6426,0.68
6428,0.26
6431,0.25
6432,0.66
6433,0.68
6435,0.98
6437,0.36
6439,0.89
6442,0.39
6444,0.81
6447,0.99
6456,0.96
6457,0.43
6460,0.26
6468,0.11
6471,0.89
6475,0.27
6476,0.95
6479,0.97
6483,0.83
6487,0.56
6488,0.1
6489,0.03
6496,0.07
6498,0.72
6502,0.01
6503,0.03
6507,0.13
6508,0.15
6509,0.07
6517,0.15
6521,0.1
6522,0.06
6524,0.07
6526,0.07
6531,0.9
6533,0.05
6538,0.78
6539,0.43150000000000005
6544,0.775
6557,0.29
6558,0.28
6562,0.01
6563,0.2
6564,0.49
6574,0.1
6578,0.4
6581,0.18
6584,0.27
6587,0.42
6589,0.94
6590,0.06
6592,0.02
6595,0.13
6599,0.2
6600,0.15
6606,0.85
6609,0.18
6612,0.1
6615,0.61
6618,0.03
6620,0.25
6623,0.3
6633,0.31
6639,0.87
6640,0.71
6641,0.82
6645,0.0
6650,0.01
6651,0.49
6652,0.86
6657,0.31
6659,0.12
6666,0.24
6671,0.34
6673,0.85
6674,0.21
6677,0.29
6680,0.44
6684,0.23
6685,0.37
6691,0.04
6692,0.03
6696,0.15
6698,0.08
6704,0.39
6705,0.06
6710,0.0
6713,0.44
6715,0.47
6717,0.02
6718,0.01
6720,0.0
6728,0.61
6732,0.05
6733,0.505
6739,0.16
6740,0.36
6741,0.32
6743,0.12
6747,0.0
6750,0.96
6752,0.82
6753,0.56
6755,0.96
6761,0.43
6763,0.47
6768,0.8
6770,0.24
6771,0.54
6777,0.56
6778,0.07
6780,0.01
6782,0.56
6786,0.96
6791,0.47
6797,0.46
6798,0.85
6803,0.05
6805,0.03
6812,0.03
6816,0.0
6818,0.03
6822,0.03
6825,0.03
6826,0.01
6827,0.03
6829,0.03
6831,0.17
6836,0.87
6838,0.16
6840,0.28
6842,0.49
6846,0.03
6851,0.26
6853,0.2
6856,0.14
6859,0.93
6865,0.32
6866,0.91
6868,1.0
6869,0.88
6871,0.42
6873,0.13
6886,0.94
6887,0.95
6888,0.88
6889,0.68
6891,0.71
6894,0.84
6895,0.32
6899,0.57
6901,0.51
6902,0.38
6904,0.61
6906,0.38
6922,0.74
6923,0.11
6924,0.51
6927,0.58
6934,0.57
6938,0.47
6941,0.57
6942,0.64
6944,0.47
6947,0.1
6952,0.9
6957,0.89
6958,0.96
6964,0.95
6968,0.98
6969,0.96
6976,0.43
6982,0.12
6986,0.54
6987,0.99
6989,0.4
6991,0.93
6993,0.93
6995,0.05
6997,0.34
7000,0.13
7003,0.03
7004,0.24
7007,0.64
7011,0.54
7014,0.22
7016,0.0
7017,0.0
7020,0.37
7022,0.05
7028,0.05
7033,0.28
7034,0.88
7035,0.06
7038,0.03
7040,0.05
7041,0.13
7042,0.04
7045,0.18
7049,0.03
7055,0.02
7057,0.57
7062,0.46
7064,0.24
7066,0.05
7067,0.33
7072,0.22
7079,0.25
7082,0.33
7083,0.02
7084,0.91
7085,0.03
7087,0.29
7090,0.66
7094,0.86
7096,0.1
7099,0.18
7100,0.05
7101,0.3
7102,0.09
7103,0.06
7107,0.11
7110,0.06
7113,0.04
7117,0.13
7119,0.14
7123,0.56
7127,0.09
7133,0.67
7139,0.04
7143,0.12
7145,0.13
7151,0.0
7152,0.04
7153,0.01
7156,0.05
7162,0.01
7170,0.33
7172,0.28
7177,0.27
7181,0.79
7182,0.62
7189,0.02
7190,0.01
7200,0.9
7207,0.66
7209,0.2065
7212,0.99
7216,0.22
7217,0.93
7219,0.97
7220,0.92
7222,0.75
7225,0.89
7233,0.97
7237,0.53
7238,0.87
7239,0.98
7240,0.33
7243,0.5375
7245,0.4
7246,0.5
7249,0.81
7257,0.48
7258,0.92
7259,0.91
7262,0.95
7263,0.97
7269,0.96
7271,0.99
7273,0.97
7276,0.66
7279,0.29
7282,0.81
7284,0.83
7293,0.97
7298,0.6
7303,0.38
7304,0.15
7305,0.0
7308,0.7
7313,0.2
7314,0.42
7321,0.56
7322,0.15
7327,0.05
7333,0.31
7336,0.04
7339,0.47
7341,0.49
7346,0.61
7347,0.44
7349,0.17
7351,0.05
7353,0.01
7363,0.3
7364,0.06
7368,1.0
7370,0.43
7375,0.02
7376,0.36
7379,0.0
7382,0.05
7384,0.04
7385,0.13
7387,0.09
7388,0.04
7389,0.05
7394,0.1
7396,0.0
7398,0.01
7399,0.6655
7401,0.15
7404,0.11
7406,0.51
7409,0.28
7411,0.21
7417,0.03
7420,0.07
7422,0.015
7423,0.02
7427,0.33
7429,0.12
7432,0.05
7435,0.11
7436,1.0
7440,1.0
7441,0.01
7445,0.57
7448,0.1
7449,0.11
7450,0.15
7454,0.09
7455,0.2
7460,0.05
7462,0.03
7464,0.1
7466,0.27
7468,0.07
7469,0.27
7471,0.7
7472,0.26
7483,0.2
7484,0.2
7485,0.04
7486,0.95
7487,0.08
7489,0.94
7492,0.08
7495,1.0
7499,0.97
7500,1.0
7506,1.0
7508,0.71
7509,0.71
7511,1.0
7516,0.93
7524,0.74
7538,0.82
7539,0.97
7541,1.0
7546,1.0
7549,1.0
7562,1.0
7564,0.88
7567,0.5
7572,1.0
7574,1.0
7575,1.0
7586,1.0
7592,0.82
7596,0.16
7597,0.63
7599,0.06
7606,0.28
7615,0.61
7618,0.6
7620,0.11
7624,0.16
7625,0.16
7629,0.14
7632,0.67
7636,0.27
7637,0.28
7646,0.01
7655,0.61
7658,0.07
7660,0.83
7664,0.22
7665,0.2
7666,0.02
7667,0.04
7673,0.18
7676,0.3
7682,0.16
7684,0.12
7690,0.12
7697,0.58
7700,0.31
7704,0.14
7705,0.11
7706,0.03
7708,0.03
7709,0.07
7710,0.71
7713,0.03
7716,0.03
7726,0.21
7729,0.07
7730,0.19
7732,0.04
7734,0.01
7740,0.03
7741,0.07
7745,0.86
7757,0.32
7762,0.53
7770,0.49
7776,0.32
7777,0.1
7778,0.7
7779,0.42
7782,0.39
7786,0.87
7791,0.56
7792,0.68
7794,0.44
7795,0.03
7796,0.11
7798,0.17
7805,0.06
7806,0.02
7808,0.02
7811,0.1
7814,0.12
7819,0.06
7820,0.41
7825,0.06
7829,0.09
7834,0.22
7836,0.06
7838,0.05
7841,0.19
7845,0.55
7846,0.02
7853,0.02
7856,0.01
7858,0.0
7859,0.61
7866,0.05
7875,0.83
7879,0.02
7884,0.06
7886,0.61
7890,0.33
7892,0.0
7896,0.16
7899,0.9
7900,0.92
7901,0.48
7904,0.32
7911,0.87
7917,0.45
7919,0.24
7920,1.0
7921,0.92
7922,0.02
7925,0.9175
7927,0.32
7928,0.92
7931,0.7
7942,0.13
7946,0.92
7947,0.36
7948,0.29
7951,0.24
7956,0.31
7961,1.0
7964,1.0
7966,1.0
7967,0.99
7974,1.0
7975,0.82
7979,1.0
7985,1.0
7986,1.0
7993,0.5
7995,1.0
7997,0.1
7998,1.0
8004,1.0
8007,1.0
8011,0.17
8014,0.6166666666666667
8022,0.25
8027,0.15
8033,0.465
8041,0.25
8042,0.5966666666666667
8046,0.66
8048,0.585
8050,0.88
8051,0.685
8052,0.74
8053,0.87
8054,0.688
8059,0.26
8063,0.86
8072,0.06
8075,0.0
8076,0.02
8077,0.94
8078,0.81
8080,0.01
8082,0.0
8086,0.15
8090,0.79
8092,0.41
8093,0.4
8099,0.93
8104,0.79
8107,0.45
8108,0.02
8114,0.22
8115,0.87
8117,0.99
8123,1.0
8124,1.0
8127,0.77
8132,0.51
8134,0.96
8139,0.48
8145,0.84
8148,0.94
8151,0.8
8152,0.92
8153,0.21
8157,0.13
8160,0.96
8166,0.99
8167,0.8
8173,0.95
8174,0.8
8178,0.7
8179,0.1
8185,0.85
8186,0.8
8192,0.27
8193,0.23
8194,0.24
8197,0.0
8198,0.03
8199,0.0
8200,0.22
8206,0.18
8207,0.18
8220,0.2
8222,0.01
8227,0.1
8228,0.0
8229,0.25
8230,0.85
8233,0.85
8248,0.92
8249,0.69
8255,0.45
8260,0.69
8263,0.66
8265,0.6
8268,0.07
8269,0.81
8272,0.72
8273,0.79
8275,0.11
8277,0.2
8281,0.34
8282,0.8
8290,0.99
8293,0.93
8299,0.42
8302,0.28
8303,0.24
8305,0.29
8306,0.18
8307,0.31
8308,0.29
8313,0.29
8316,0.28
8319,0.22
8322,1.0
8323,0.2
8325,0.11
8326,0.12
8327,0.09
8328,0.43
8331,0.24
8333,0.82
8336,0.3
8338,0.28
8340,0.31
8342,0.2
8343,0.06
8353,0.04
8354,0.38
8357,0.38
8358,0.11
8359,0.11
8373,0.02
8376,0.03
8379,0.17
8380,0.03
8381,0.03
8384,0.16
8395,0.78
8398,0.77
8403,0.16
8407,0.78
8413,0.78
8417,0.78
8420,0.78
8421,0.27
8424,0.78
8426,0.75
8427,0.78
8438,0.78
8439,0.15
8442,0.18
8449,0.29
8456,0.05
8460,0.05
8462,0.19
8465,0.31
8466,0.2
8467,0.28
8469,0.22
8470,0.01
8474,0.13
8479,0.28
8481,0.05
8482,0.13
8485,0.1
8488,0.13
8492,0.01
8493,0.73
8495,0.01
8499,0.21
8501,0.09
8519,0.08
8521,0.0
8525,0.49
8527,0.21
8529,0.07
8532,0.07
8534,0.01
8535,0.0
8537,0.04
8544,0.01
8548,0.12
8549,0.0
8552,0.0
8554,0.03
8563,0.13
8564,0.0
8565,0.0
8566,0.25
8568,0.0
8569,0.1
8573,0.0
8583,0.02
8588,0.03
8590,0.01
8592,0.35
8593,0.02
8594,0.82
8597,0.54
8600,0.8
8601,0.72
8602,0.18
8603,0.58
8604,0.43
8605,0.33
8611,0.17
8614,0.17
8616,0.93
8617,0.14
8619,0.9
8626,0.75
8629,0.08
8630,0.25
8632,0.26
8634,0.9
8641,0.58
8645,0.96
8649,0.99
8652,0.98
8666,0.96
8671,0.0
8672,1.0
8675,1.0
8678,0.96
8679,0.99
8682,0.95
8687,0.96
8701,0.02
8703,0.22
8707,0.07
8713,0.03
8716,0.23
8719,0.01
8725,0.44
8730,0.04
8731,0.03
8748,0.06
8749,0.09
8756,0.0
8764,0.0
8765,0.27
8769,0.7
8771,0.27
8772,0.0
8773,0.65
8779,0.01
8792,0.82
8794,0.0
8796,0.1
8798,0.63
8803,0.12
8807,0.1
8809,0.23
8811,0.03
8813,0.03
8814,0.08
8818,0.43
8819,0.11
8820,0.6
8821,0.01
8822,0.01
8824,0.01
8826,0.01
8827,0.16
8828,0.29
8833,0.58
8834,0.0
8845,0.0
8847,0.0
8849,0.14
8861,0.08
8867,0.0
8868,0.03
8870,0.42
8873,0.08
8874,0.04
8876,0.01
8877,0.11
8879,0.03
8882,0.02
8884,0.12
8889,0.11
8891,0.01
8894,0.3
8895,0.05
8897,0.37
8898,0.38
8901,0.24
8904,0.38
8909,0.32
8910,0.47
8911,0.47
8915,0.52
8917,0.58
8918,0.02
8919,0.3
8922,0.46
8925,0.61
8928,0.04
8929,0.26
8930,0.76
8932,0.01
8937,0.24
8940,0.61
8943,0.09
8950,0.57
8951,0.65
8954,0.1
8958,0.58
8960,0.47
8964,0.66
8975,0.52
8977,0.7
8981,0.56
8982,0.59
8984,0.63
8988,0.25
8990,0.66
8991,0.02
8995,0.08
8997,0.06
9003,0.14
9004,0.1
9010,0.85
9011,0.03
9013,0.4
9014,0.76
9015,0.01
9017,0.07
9019,0.09
9021,0.34
9024,0.44
9032,0.01
9035,0.33
9036,0.85
9037,0.01
9043,0.95
9046,1.0
9048,0.95
9049,1.0
9050,0.81
9056,0.13
9063,0.27
9065,0.49
9066,0.95
9068,0.15
9069,1.0
9070,0.0
9073,0.89
9076,0.74
9091,0.6
9092,0.93
9104,0.99
9105,1.0
9108,1.0
9111,1.0
9115,1.0
9117,1.0
9122,1.0
9125,1.0
9127,0.93
9129,1.0
9133,1.0
9136,0.99
9138,1.0
9140,1.0
9147,1.0
9150,0.59
9152,1.0
9153,1.0
9155,1.0
9158,0.99
9160,0.96
9163,0.99
9165,0.66
9167,0.99
9168,0.98
9170,1.0
9176,0.91
9178,0.98
9184,1.0
9186,0.95
9188,0.99
9189,0.99
9190,1.0
9196,0.98
9198,0.98
9199,0.37
9200,0.81
9201,0.31
9202,0.94
9204,0.97
9205,0.98
9213,0.91
9214,0.95
9224,1.0
9227,1.0
9228,1.0
9229,1.0
9234,1.0
9236,0.99
9241,1.0
9243,0.315
9245,0.35
9256,0.7
9258,0.1
9261,0.38
9274,0.07
9279,0.11
9282,0.32
9284,0.01
9285,0.14
9291,0.04
9295,0.35
9299,0.07
9302,0.04
9304,0.11
9305,0.14
9306,0.0
9310,0.01
9312,0.17
9316,0.06
9318,0.36
9323,0.16
9326,0.08
9327,0.37
9328,0.04
9331,0.44
9335,0.71
9336,0.1
9340,0.02
9349,0.43
9352,0.13
9353,0.1
9354,0.37
9356,0.03
9357,0.17
9358,0.09
9359,0.61
9364,0.04
9366,0.99
9369,0.04
9370,0.08
9379,0.01
9381,0.27
9383,0.12
9389,0.02
9390,0.41
9392,0.98
9394,0.67
9398,0.62
9399,0.76
9400,0.06
9407,0.99
9409,0.58
9412,0.09
9413,0.81
9415,0.18
9419,0.74
9423,0.21
9424,0.99
9426,0.36
9427,0.93
9428,0.06
9429,0.24
9433,0.99
9437,0.6
9440,0.28
9442,1.0
9443,1.0
9444,0.63
9447,0.96
9459,0.24
9461,0.9
9462,0.5
9464,1.0
9473,0.98
9475,0.71
9476,1.0
9477,0.95
9478,0.9
9479,0.98
9483,0.21466666666666667
9487,0.9
9494,1.0
9497,0.96
9498,0.95
9506,0.73
9512,0.57
9514,1.0
9515,0.81
9516,0.64
9517,1.0
9518,0.46
9521,0.72
9523,0.11
9527,0.11
9528,0.68
9530,0.4
9532,0.7
9534,0.48
9535,0.03
9536,0.91
9543,0.1425
9544,0.37
9545,0.14
9546,0.25
9549,0.35
9558,0.09
9560,0.07
9561,0.02
9570,0.05
9573,0.08
9578,0.45
9584,0.24
9587,0.32
9588,0.02
9599,0.93
9601,0.37
9604,0.58
9614,0.88
9615,0.97
9621,0.98
9622,0.67
9623,0.53
9624,0.55
9626,0.91
9628,0.96
9630,0.07
9631,0.93
9633,0.53
9635,0.99
9637,0.9
9641,0.2
9647,0.93
9648,0.94
9649,0.15
9658,0.04
9662,0.87
9668,0.44
9671,0.14
9676,0.95
9677,1.0
9679,0.15
9682,0.45
9685,0.05
9689,0.55
9692,0.06
9693,0.42
9694,0.53
9696,0.08
9700,0.02
9711,0.62
9713,0.17
9720,0.07
9721,0.84
9725,0.29
9726,0.26
9727,0.05
9735,0.23
9740,0.51
9742,0.62
9743,0.8
9747,0.62
9748,0.51
9751,0.62
9758,0.45
9767,0.12
9768,0.3
9773,0.2
9777,0.1
9781,0.28
9784,0.12
9786,0.45
9789,0.25
9792,0.22
9793,0.08
9798,0.26
9799,0.21
9802,0.43
9803,0.45
9804,0.04
9805,0.12
9807,0.45
9809,0.48
9811,0.6
9814,0.54
9817,0.56
9821,0.7
9824,0.5
9825,0.48
9827,0.565
9839,0.79
9840,0.38
9843,0.16
9844,0.58
9845,0.42
9847,0.4
9848,0.16
9851,0.42
9852,0.71
9855,0.85
9856,0.44
9863,0.36
9867,0.03
9871,0.01
9876,0.03
9879,0.03
9882,0.4
9891,0.03
9892,0.79
9893,0.04
9895,0.18
9899,0.19
9900,0.05
9902,0.2
9903,0.53
9904,0.0
9908,0.11
9913,0.16
9914,0.33
9917,0.2
9922,0.3
9924,0.18
9926,0.51
9927,0.37
9928,0.66
9929,0.38
9936,0.49
9939,0.08
9947,0.54
9951,0.25
9954,0.24
9956,0.02
9957,0.38
9959,0.0
9962,0.07
9964,0.05
9966,0.36
9968,0.03
9969,0.68
9970,0.83
9975,0.18
9977,0.03
9981,0.1
9993,0.07
9996,0.07
9997,0.11
9999,0.15
10002,0.0
10007,0.92
10015,0.08
10019,0.98
10022,0.23
10024,0.06
10026,0.14
10033,0.13
10043,0.11
10046,0.14
10051,0.11
10053,0.3
10062,0.95
10063,1.0
10065,0.97
10068,0.99
10078,0.92
10086,0.85
10094,0.78
10095,0.85
10096,0.87
10097,0.78
10103,1.0
10104,1.0
10108,0.51
10122,0.04
10123,0.15
10128,0.24
10131,0.03
10133,0.0
10134,0.0
10135,0.26
10145,0.01
10148,0.04
10154,0.46
10155,0.03
10158,0.94
10160,1.0
10161,0.25
10162,0.85
10165,0.97
10166,1.0
10167,0.47
10170,0.6
10178,0.99
10180,0.68
10181,0.45
10185,0.66
10188,0.74
10190,0.92
10196,0.65
10200,0.74
10205,0.94
10211,0.11
10216,0.38
10219,0.73
10221,0.26
10225,0.06
10227,0.33
10228,0.4
10230,0.48
10232,0.9
10233,0.85
10235,0.48
10238,0.9
10240,0.59
10242,0.34
10248,0.33
10254,0.12
10257,0.15
10261,0.27
10262,0.3
10266,0.01
10267,0.9
10271,0.27
10277,0.28
10279,0.11
10281,0.51
10282,0.64
10285,0.06
10292,0.99
10298,0.07
10300,0.39
10309,0.02
10311,0.22
10312,0.03
10319,0.25
10324,0.97
10326,0.11
10328,0.34
10343,0.24
10346,0.11
10347,0.07
10353,0.42
10354,0.73
10356,0.42
10357,0.68
10362,0.47
10363,0.35
10370,0.4
10373,0.2
10386,0.11
10388,0.07
10389,0.39
10391,0.7
10397,0.135
10400,0.03
10403,0.02
10404,0.2
10408,0.26
10417,0.17
10425,0.07
10435,0.77
10437,0.74
10438,0.27
10440,0.11
10442,0.62
10447,0.82
10452,0.83
10453,0.56
10454,0.9
10459,0.63
10460,0.59
10463,0.78
10465,0.55
10469,0.55
10474,0.85
10475,0.97
10476,0.51
10477,0.4
10480,0.58
10491,0.9
10493,0.98
10494,0.92
10495,0.98
10497,0.95
10501,0.99
10504,0.96
10507,0.96
10509,1.0
10510,0.28
10512,0.98
10514,0.99
10526,0.99
10528,1.0
10530,0.97
10531,0.69
10532,0.93
10538,0.46
10539,0.49
10542,0.06
10547,0.23
10549,0.27
10556,0.17
10569,0.06
10572,0.24
10577,0.44
10579,0.35
10586,0.15
10594,0.3
10595,0.96
10597,0.1
10602,0.99
10604,0.97
10614,0.06
10617,0.03
10618,0.99
10619,0.58
10624,1.0
10633,0.15
10634,1.0
10635,0.26
10638,0.12
10639,0.02
10642,0.04
10643,0.05
10645,0.33
10646,0.03
10649,0.03
10652,0.97
10653,0.3
10654,0.04
10661,0.63
10664,0.84
10668,0.28
10670,0.07
10674,0.56
10683,0.19
10694,0.2
10697,0.07
10699,0.07
10701,0.03
10703,0.77
10713,0.11
10714,0.16
10716,0.05
10717,0.08
10719,0.02
10725,0.22
10728,0.1
10734,0.11
10738,1.0
10740,1.0
10742,1.0
10756,1.0
10757,0.99
10758,1.0
10761,1.0
10762,1.0
10773,1.0
10778,1.0
10781,0.99
10791,0.0
10792,0.12
10796,0.19
10797,0.13
10801,0.01
10804,0.72
10806,0.06
10807,0.2
10816,0.03
10820,0.125
10828,0.03
10836,0.99
10838,1.0
10845,0.87
10856,0.57
10857,0.26
10858,0.7
10861,0.98
10865,0.06
10868,0.99
10874,0.48
10875,0.18
